k,accuracy,execTime
1,0.8513333333333334,15.15643630027771
2,0.8855757575757576,15.413865947723389
3,0.8775151515151516,14.621209573745727
5,0.8795959595959596,14.67140622138977
7,0.9015757575757576,14.512964677810668
9,0.8976363636363637,14.784789848327637
11,0.9016363636363636,14.498668241500855
13,0.9016565656565657,14.52937388420105
15,0.9015757575757576,14.547929525375366
